<?xml version="1.0" encoding="utf-8"?><rss xmlns:a10="http://www.w3.org/2005/Atom" version="2.0"><channel><title>Software University News Feed</title><link>https://softuni.bg/Feed/News</link><description>This is software university offical news feed</description><lastBuildDate>Wed, 25 Mar 2015 20:34:08 +0200</lastBuildDate><a10:id>SoftUniNewsId</a10:id><item><guid isPermaLink="false">90</guid><link>https://softuni.bg/Cms/News/Details/90</link><title>Стартира нов курс по "Основи на програмирането" от 9 май</title><description>&lt;div style="text-align:justify;"&gt;От днес, 25 март, СофтУни отвори &lt;a href="https://softuni.bg/apply" target="_blank"&gt;&lt;strong&gt;кандидатстването&lt;/strong&gt;&lt;/a&gt; за следващия подготвителен курс "Основи на програмирането" (Programming Basics), за своите бъдещи курсисти. Всички желаещи могат да попълнят формата за кандидатстване до &lt;strong&gt;3&lt;/strong&gt;&lt;strong&gt;&amp;nbsp;май, 23:59 ч&lt;/strong&gt;. като изберат дали ще се запишат за курса в присъствена или онлайн форма на обучение.&amp;nbsp;&lt;br /&gt;&lt;br /&gt;&lt;/div&gt;&lt;div style="text-align:justify;"&gt;Всички одобрени кандидати ще започнат обучението си по курса на &lt;strong&gt;9 май&lt;/strong&gt;. По време на подготвителното си обучение, кандидат-студентите ще се научат на фундаментите в програмирането, като включените теми са Математика за програмисти, Въведение в програмирането, Примитивни типове данни и променливи, Оператори и изрази, Вход и изход от конзолата, Условни конструкции, Цикли, C# за напреднали.&lt;/div&gt;&lt;div style="text-align:justify;"&gt;&lt;br /&gt;&lt;div&gt;&lt;p&gt;Кандидат-студентите ще се гмурнат в света на програмирането с програмния език C#, а лекциите ще се провеждат всяка събота в продължение на 8 седмици. След това, на &lt;strong&gt;12 юли&lt;/strong&gt; ще се проведе и &lt;strong&gt;приемен изпит&lt;/strong&gt; за университета. Всички, които преминат през него успешно, ще станат наши студенти и ще започнат обучението си в университета от&lt;strong&gt; септември 2015 г&lt;/strong&gt;.&lt;/p&gt;&lt;p&gt;&lt;/p&gt;&lt;div&gt;&lt;img alt="" src="/Files/UserFiles/ImageGallery/SoftUni-Open-Source-Lab-Strudents.jpg" style="display:block;margin-left:auto;margin-right:auto;" width="600px" /&gt;&lt;/div&gt;&lt;p&gt;&lt;/p&gt;&lt;/div&gt;Материалите от всички проведени до сега подготвителни курсове са достъпни и можете да ги намерите тук.&lt;br /&gt;&lt;br /&gt;&lt;div&gt;&lt;strong&gt;А вие кандидатствахте ли вече?&lt;/strong&gt; Можете да го направите от &lt;a href="https://softuni.bg/apply" target="_blank"&gt;&lt;strong&gt;тук&lt;/strong&gt;&lt;/a&gt;. Успех на всички!&lt;/div&gt;&lt;/div&gt;</description><a10:updated>2015-03-25T16:06:57+02:00</a10:updated></item><item><guid isPermaLink="false">89</guid><link>https://softuni.bg/Cms/News/Details/89</link><title>Отворено кандидатстване за стаж в немската фирма ProLeiT</title><description>&lt;div&gt;&lt;img alt="" src="/Files/UserFiles/ImageGallery/proleit-banner-softuni.png" style="display:block;margin-left:auto;margin-right:auto;" /&gt;&lt;/div&gt;&lt;p style="text-align:justify;"&gt;Вече &lt;strong&gt;е отворено &lt;a href="https://softuni.bg/users/internships/details/1"&gt;кандидатстването&lt;/a&gt;&lt;/strong&gt; за стаж в немската фирма &lt;strong&gt;&lt;a href="http://www.proleit.com/"&gt;ProLeiT&lt;/a&gt;. &lt;/strong&gt;Това е първият стаж в чужбина, който СофтУни успява да предложи в партньорство с партньорите си от Германия. Основно ProLeiT се занимава с разработка на системи за автоматизация и управление на производствени процеси. На по-малко от половин час от Нюрнберг се намира град Херцогенаурах, където е разположено и настоящето седалище на ProLeiT. Интересен е фактът, че софтуерът на фирмата се използва изключително при производството на бира. Всяка пета бира, която изпивате, вероятно е преминала през софтуер на немската фирма. ProLeiT имаше &lt;a href="https://softuni.bg/news/ProLeiT-presentation-in-SoftUni" target="_blank"&gt;представяне в СофтУни&lt;/a&gt; през януари тази година.&lt;/p&gt;&lt;p style="text-align:justify;"&gt;ProLeiT осигурява стажантски позиции за студенти на СофтУни, завършили успешно ниво #3. Основните програмни езици, които се използват в ProLeiT са &lt;strong&gt;C#, JavaScript, HTML, CSS&lt;/strong&gt;&lt;strong&gt;. &lt;/strong&gt;Има 2 отворени позиции, а стажът е с продължителност от 6 месеца. Повече подробности за стажа:&lt;/p&gt;&lt;ul&gt;&lt;li style="text-align:justify;"&gt;&lt;strong&gt;Кандидатстване&lt;/strong&gt;: 06.03.2015 г. &amp;ndash; 31.05.2015 г.&lt;/li&gt;&lt;li style="text-align:justify;"&gt;&lt;strong&gt;Класиране&lt;/strong&gt;: 01.06.2015 г. &amp;ndash; 15.06.2015 г.&lt;/li&gt;&lt;li style="text-align:justify;"&gt;&lt;strong&gt;Стартиране&lt;/strong&gt; на стажа в Германия: &lt;strong&gt;22.06.2015 г&lt;/strong&gt;.&lt;/li&gt;&lt;li style="text-align:justify;"&gt;&lt;strong&gt;Продължителност&lt;/strong&gt; на стажа: 6 месеца&lt;/li&gt;&lt;li style="text-align:justify;"&gt;&lt;strong&gt;Възнаграждение&lt;/strong&gt;: &amp;euro;1480 брутно месечно възнаграждение (&amp;euro;1093,76 нетно) за 40-часова работна седмица.&lt;/li&gt;&lt;li style="text-align:justify;"&gt;&lt;strong&gt;Разходи&lt;/strong&gt;: &amp;euro;480 за квартира, предоставена от ProLeiT.&lt;/li&gt;&lt;li style="text-align:justify;"&gt;&lt;strong&gt;Самолетни билети&lt;/strong&gt;: Разходите за самолетни билети се поемат от ProLeiT&lt;/li&gt;&lt;/ul&gt;&lt;p style="text-align:justify;"&gt;Кандидатстването е отворено до &lt;strong&gt;31 май 2015 г&lt;/strong&gt;. на &lt;a href="https://softuni.bg/users/internships/details/1"&gt;тази страница&lt;/a&gt;&amp;nbsp;(можете да я достъпите през модула "&lt;a href="https://softuni.bg/companies" target="_blank"&gt;Работа&lt;/a&gt;"). Кандидатите, ще бъдат селектирани измежду студентите, успешно завършили ниво #3 и класирани спрямо техния среден успех от цялото следване в СофтУни.&lt;/p&gt;&lt;p style="text-align:justify;"&gt;Успех на всички!&lt;/p&gt;&lt;p&gt;&lt;img alt="" src="/Files/UserFiles/ImageGallery/ProLeiT-at-SoftUni.jpg" style="display:block;margin-left:auto;margin-right:auto;" width="646px" /&gt;&lt;/p&gt;&lt;p style="text-align:center;"&gt;&lt;em&gt;Wolfgang Ebster (CEO на ProLeiT) през януари в СофтУни&lt;/em&gt;&lt;/p&gt;</description><a10:updated>2015-03-09T15:24:24+02:00</a10:updated></item><item><guid isPermaLink="false">88</guid><link>https://softuni.bg/Cms/News/Details/88</link><title>SoftUni Conf March 2015 - Пампорово, 20-22 март</title><description>&lt;div style="text-align:justify;"&gt;&lt;p&gt;&lt;/p&gt;&lt;div&gt;&lt;img alt="" src="/Files/UserFiles/ImageGallery/SoftUni-Conf-March-2015-Logo.png" style="float:right;" width="225px" /&gt;&lt;/div&gt;&lt;strong style="text-align:justify;"&gt;Софтуерният университет&amp;nbsp;&lt;/strong&gt;&lt;span style="text-align:justify;"&gt;(СофтУни) организира третото издание на&amp;nbsp;&lt;/span&gt;&lt;strong style="text-align:justify;"&gt;технологичната конференция&lt;/strong&gt;&lt;span style="text-align:justify;"&gt;&amp;nbsp;&lt;/span&gt;&lt;a href="https://softuni.bg/trainings/seminars/details/1061" style="text-align:justify;" target="_blank"&gt;&lt;/a&gt;&lt;a href="https://softuni.bg/SoftUniConf" target="_blank"&gt;СофтУни Конф Март 2015&lt;/a&gt;&lt;span style="text-align:justify;"&gt;&amp;nbsp;на&amp;nbsp;&lt;/span&gt;&lt;strong style="text-align:justify;"&gt;20-22 март 2015 г.&amp;nbsp;&lt;/strong&gt;&lt;span style="text-align:justify;"&gt;Събитието е ориентирано към начинаещи програмисти и ИТ специалисти, студенти от университета, любители и ентусиасти.&lt;/span&gt;&lt;p&gt;&lt;/p&gt;&lt;p&gt;Участниците в конференцията ще се запознаят с различни технологии за разработка на софтуер и ще научат полезни съвети и практики за професията "софтуерен инженер". Техническите теми обхващат: уеб разработка, мобилни приложения, бази данни, технологии, 3D графика и софтуерно инженерство. Нетехническите теми обхващат здраве, спорт и социални умения.&lt;br /&gt;&lt;/p&gt;&lt;p&gt;&lt;strong&gt;Конференцията&lt;/strong&gt;&amp;nbsp;ще се проведе в периода&amp;nbsp;&lt;strong&gt;20-22 март 2015 г. в Пампорово, х-л "&lt;a href="http://hotel-prespa.com/" target="_blank"&gt;Преспа&lt;/a&gt;".&lt;/strong&gt;&amp;nbsp;Участието е на студентска&amp;nbsp;&lt;strong&gt;цена: 120 лв.&lt;/strong&gt;&amp;nbsp;за&lt;strong&gt;&amp;nbsp;3 дни all inclusive:&lt;/strong&gt;&amp;nbsp;с включена храна, 2 нощувки и участие във всички семинари и обучения.&lt;/p&gt;&lt;p&gt;Програмата на&amp;nbsp;&lt;strong&gt;СофтУни конф март 2015&lt;/strong&gt;&amp;nbsp;включва&amp;nbsp;&lt;strong&gt;над 15 семинара&lt;/strong&gt;&amp;nbsp;на всякакви теми: от "здраве и спорт" и до тъмните страни на уеб програмирането. Ето и някои от темите на СофтУни конференцията:&lt;/p&gt;&lt;ul&gt;&lt;li&gt;Структуриране на JavaScript проект;&lt;/li&gt;&lt;li&gt;PHP уеб разработка с Laravel5;&lt;/li&gt;&lt;li&gt;Мобилни приложения с Xamarin.Forms;&lt;/li&gt;&lt;li&gt;Функционално програмиране, lambda изрази и потоци в Java;&lt;/li&gt;&lt;li&gt;MS SQL Server 2014 в действие;&lt;/li&gt;&lt;li&gt;Разработка на сайтове с ASP.NET MVC;&lt;/li&gt;&lt;li&gt;Работа извън офис.&lt;/li&gt;&lt;/ul&gt;&lt;/div&gt;&lt;p style="text-align:justify;"&gt;&lt;strong&gt;Лектори на събитието са:&lt;/strong&gt;&amp;nbsp;Иван Ванков, Павел Колев, Марио Пешев, Найден Гочев, Борис Христов, Владимир Георгиев, Михаил Стойнов, Димитър Иванов, Ради Атанасов и други. Те ще разкажат за добрите практики в бранша, новите технологии и не само. Повече за тях и програмата на събитието можете да откриете на&amp;nbsp;&lt;a href="https://softuni.bg/SoftUniConf" target="_blank"&gt;сайта на конференцията&lt;/a&gt;.&lt;/p&gt;&lt;p style="text-align:justify;"&gt;&lt;strong&gt;Участниците ще могат да заемат ролята на лектори&lt;/strong&gt;&amp;nbsp;в един от панелите "Lightning Talks" с кратки 5-минутни презентации и демонстрации.&lt;/p&gt;&lt;p style="text-align:justify;"&gt;&lt;strong&gt;Регистрацията за събитието е отворена&lt;/strong&gt;, като за ранно записалите се до 9-ти март има специални намаления. Ето как ще протече СофтУни конференцията:&lt;/p&gt;&lt;ul&gt;&lt;li style="text-align:justify;"&gt;&lt;strong&gt;2&lt;/strong&gt;&amp;nbsp;нощувки -&amp;nbsp;&lt;strong&gt;20&lt;/strong&gt;&amp;nbsp;и&amp;nbsp;&lt;strong&gt;21&lt;/strong&gt;&amp;nbsp;март;&lt;/li&gt;&lt;li style="text-align:justify;"&gt;&lt;strong&gt;20&amp;nbsp;&lt;/strong&gt;март &amp;ndash; настаняване, вечеря;&lt;/li&gt;&lt;li style="text-align:justify;"&gt;&lt;strong&gt;21&lt;/strong&gt;&amp;nbsp;март &amp;ndash; закуска, начало на конференцията, обяд, вечеря;&lt;/li&gt;&lt;li style="text-align:justify;"&gt;&lt;strong&gt;22&lt;/strong&gt;&amp;nbsp;март &amp;ndash; закуска, обяд, закриване на конференцията.&lt;/li&gt;&lt;/ul&gt;&lt;p style="text-align:justify;"&gt;Това е&amp;nbsp;&lt;strong&gt;трето издание&amp;nbsp;&lt;/strong&gt;на СофтУни Конф. Първото се проведе през май месец и&amp;nbsp;&lt;strong&gt;събра около 200 участници, които останаха с много добри впечатления&lt;/strong&gt;&amp;nbsp;от събитието, както се разбира и от проведената след конференцията&amp;nbsp;&lt;a href="https://softuni.bg/news/softuni-conf-may-2014-feedback" target="_blank"&gt;анкета&lt;/a&gt;. Можете да разгледате програмата и видео лекциите от&amp;nbsp;&lt;a href="https://softuni.bg/trainings/seminars/details/1024" target="_blank"&gt;страницата на СофтУни Конф - май 2014&lt;/a&gt;. &lt;strong&gt;Второто издание&lt;/strong&gt;, с над 180 посетители, беше през октомври миналата година, а участниците отново &lt;a href="https://softuni.bg/news/SoftUni-Conf-October-2014-Feedback" target="_blank"&gt;останаха впечатлени от събитието&lt;/a&gt;. Програмата и видео лекциите са достъпни на &lt;a href="https://softuni.bg/trainings/1061/SoftUni-Conf-Oct-2014" target="_blank"&gt;страницата на СофтУни Конф - октомври 2014&lt;/a&gt;.&lt;/p&gt;&lt;p style="text-align:justify;"&gt;&lt;strong&gt;Спонсори на СофтУни Конф Март 2015 са:&amp;nbsp;&lt;/strong&gt;&lt;a href="http://www.xs-software.com/" target="_blank"&gt;XS Software&lt;/a&gt;,&amp;nbsp;&lt;a href="http://www.vivacom.bg/" target="_blank"&gt;Vivacom&lt;/a&gt;,&amp;nbsp;&lt;a href="http://www.sbtech.com/" target="_blank"&gt;SBTech&lt;/a&gt;,&amp;nbsp;&lt;a href="http://smartit.bg/" target="_blank"&gt;SmartIT&lt;/a&gt;,&amp;nbsp;&lt;a href="http://www.komfo.com/" target="_blank"&gt;Komfo&lt;/a&gt;,&amp;nbsp;&lt;a href="http://www.softwaregroup-bg.com/" target="_blank"&gt;SoftwareGroup&lt;/a&gt;,&amp;nbsp;&lt;a href="http://www.superhosting.bg/" target="_blank"&gt;Superhosting.bg&lt;/a&gt;, &lt;a href="http://www.paddypower.com/bet?AFF_ID=21357" target="_blank"&gt;PaddyPower&lt;/a&gt;, &lt;a href="http://www.webground.bg/" target="_blank"&gt;WebGround&lt;/a&gt;, &lt;a href="http://www.luxoft.com/" target="_blank"&gt;Luxoft&lt;/a&gt;.&lt;/p&gt;&lt;p style="text-align:justify;"&gt;За&lt;strong&gt;&amp;nbsp;повече информация&amp;nbsp;&lt;/strong&gt;и&lt;strong&gt;&amp;nbsp;записване&lt;/strong&gt;&amp;nbsp;посетете сайта на&amp;nbsp;&lt;a href="https://softuni.bg/SoftUniConf" target="_blank"&gt;&lt;/a&gt;&lt;a href="https://softuni.bg/SoftUniConf" target="_blank"&gt;СофтУни Конф Март 2015.&lt;/a&gt;&lt;/p&gt;&lt;p style="text-align:justify;"&gt;&lt;a href="https://softuni.bg/SoftUniConf" target="_blank"&gt;&lt;/a&gt;&lt;/p&gt;&lt;p&gt;&lt;img alt="" src="/Files/UserFiles/ImageGallery/softuni-conf-may-2014%20(4).JPG" style="float:left;" width="350px" /&gt;&amp;nbsp; &lt;img alt="" src="/Files/UserFiles/ImageGallery/SoftUni-Conf-Mug.JPG" style="float:right;" width="350px/" /&gt;&lt;/p&gt;&lt;p&gt;&lt;img alt="" src="/Files/UserFiles/ImageGallery/SoftUni-Conf-October-Attendees.JPG" style="float:left;" width="350px" /&gt;&amp;nbsp; &lt;img alt="" src="/Files/UserFiles/ImageGallery/SoftUni-Conf-Participants.JPG" style="float:right;" width="350px/" /&gt;&lt;/p&gt;&lt;p&gt;&lt;img alt="" src="/Files/UserFiles/ImageGallery/SoftUni-Conf-Oct-Mario-Peshev.JPG" style="float:left;" width="350px" /&gt;&amp;nbsp; &lt;img alt="" src="/Files/UserFiles/ImageGallery/softuni-conf-may-2014%20(6).JPG" style="float:right;" width="350px/" /&gt;&lt;/p&gt;</description><a10:updated>2015-02-19T17:27:07+02:00</a10:updated></item><item><guid isPermaLink="false">87</guid><link>https://softuni.bg/Cms/News/Details/87</link><title>Предстоят избори за студентски съвет в СофтУни</title><description>Дойде време да се осъществят &lt;strong&gt;изборите за Студентски съвет на СофтУни&lt;/strong&gt;.&lt;br /&gt;&lt;br /&gt;&lt;div&gt;&lt;p&gt;&lt;strong&gt;Кой може да се кандидатира?&lt;/strong&gt;&lt;/p&gt;&lt;ul&gt;&lt;li&gt;Всеки студент от СофтУни (присъствено или онлайн обучение).&lt;/li&gt;&lt;/ul&gt;&lt;/div&gt;&lt;div&gt;&lt;div&gt;&lt;p&gt;&lt;strong&gt;Как да се кандидатирате?&lt;/strong&gt;&lt;/p&gt;&lt;ul&gt;&lt;li&gt;Чрез изпращане на имейл до &lt;a href="mailto:info@students.softuni.bg" target="_blank"&gt;info@students.softuni.bg&lt;/a&gt;, който задължително съдържа:&lt;ul&gt;&lt;li&gt;username-ът ви в системата на СофтУни;&lt;/li&gt;&lt;li&gt;мотивационно писмо - защо смятате, че трябва да сте част от Студентски съвет (как ще допринесете за осъществява не целите на съвета);&lt;/li&gt;&lt;li&gt;кратко представяне на кандидатурата ви (до 300 символа) - ще бъде използвано като информация за вас в гласуването, описано в чл. 5. от &lt;a href="https://drive.google.com/file/d/0B7h0dYiij0W0NXVQM3dXYXA2ZzQ/view" target="_blank"&gt;Правилника за устройството и дейността на Студентски съвет&lt;/a&gt; - колегите студенти, които ще гласуват за вас, ще виждат потребителското ви име и тази информация за вас&lt;/li&gt;&lt;/ul&gt;&lt;/li&gt;&lt;/ul&gt;&lt;p&gt;&lt;strong&gt;Срок за кандидатиране:&lt;/strong&gt;&lt;/p&gt;&lt;/div&gt;&lt;div&gt;&lt;ul&gt;&lt;li&gt;Oт 12:00 ч. на 11.02.2015 до 23:59ч. на 18.02.2015.&lt;/li&gt;&lt;li&gt;През този период имате право да проведете кампания:&lt;ul&gt;&lt;li&gt;можете да пишете за своята кандидатура в специалната тема, която ще намерите във форума;&lt;/li&gt;&lt;li&gt;имате право да закачите 1 бр. предизборен плакат на таблото на &lt;a href="https://www.facebook.com/students.softuni" target="_blank"&gt;Студентски съвет&lt;/a&gt; (на стълбищната площадка на път за залите на СофтУни) в размер А6;&lt;/li&gt;&lt;li&gt;може и да импровизирате, само не купувайте кебапчета и кюфтета на електората ;)&lt;/li&gt;&lt;/ul&gt;&lt;/li&gt;&lt;/ul&gt;&lt;div&gt;&lt;strong&gt;Гласуване:&lt;/strong&gt;&lt;/div&gt;&lt;div&gt;&lt;ul&gt;&lt;li&gt;от 00:00ч на 20.02.2015 до 23:59ч на 27.02.2015;&lt;/li&gt;&lt;li&gt;гласуването ще се осъществи чрез системата на сайта на СофтУни - следете темата за подробности;&lt;/li&gt;&lt;li&gt;ще имате право на три гласа, като гласовете не могат да бъдат за един и същи кандидат.&lt;/li&gt;&lt;/ul&gt;&lt;div&gt;&lt;strong&gt;Резултати от изборите:&lt;/strong&gt;&lt;/div&gt;&lt;div&gt;&lt;ul&gt;&lt;li&gt;ще бъдат избрани 11 члена на Студентски съвет според &lt;a href="https://drive.google.com/file/d/0B7h0dYiij0W0NXVQM3dXYXA2ZzQ/view" target="_blank"&gt;Правилника за устройството и дейността на Студентски съвет&lt;/a&gt; - тези с най-много гласове;&lt;/li&gt;&lt;li&gt;в Студентски съвет ще има поне по един представител от всяко ниво на обучение в СофтУни (с изключение на ниво #0);&lt;/li&gt;&lt;li&gt;резултатите ще бъдат обявени на &lt;a href="https://www.facebook.com/events/369967736520758/?fref=ts" target="_blank"&gt;партито за баба Марта&lt;/a&gt;, което ще се проведе в началото на месец март в Inspiration Lab в СофтУни.&amp;nbsp;&lt;/li&gt;&lt;/ul&gt;&lt;div&gt;Изборите се провеждат в съответствие с &lt;em&gt;&lt;a href="https://drive.google.com/file/d/0B7h0dYiij0W0NXVQM3dXYXA2ZzQ/view" target="_blank"&gt;Правилника за устройството и дейността на Студентски съвет&lt;/a&gt;&lt;/em&gt;. &amp;nbsp; &amp;nbsp; &amp;nbsp; &amp;nbsp; &amp;nbsp; &amp;nbsp; &amp;nbsp;&amp;nbsp;&lt;/div&gt;&lt;div&gt;&lt;br /&gt;&lt;div&gt;Повече информация относно дейността на &lt;em&gt;Студентски съвет&lt;/em&gt; и гласуването може да намерите в &lt;a href="https://drive.google.com/file/d/0B7h0dYiij0W0NXVQM3dXYXA2ZzQ/view" target="_blank"&gt;Правилника за устройството и дейността на Студентски съвет&lt;/a&gt; и на &lt;a href="https://www.facebook.com/students.softuni" target="_blank"&gt;страницата на съвета във Facebook&lt;/a&gt;.&lt;/div&gt;&lt;div&gt;&lt;br /&gt;&lt;div&gt;Очакваме вашите кандидатури!&lt;/div&gt;&lt;/div&gt;&lt;/div&gt;&lt;/div&gt;&lt;/div&gt;&lt;/div&gt;&lt;/div&gt;</description><a10:updated>2015-02-13T17:29:06+02:00</a10:updated></item><item><guid isPermaLink="false">86</guid><link>https://softuni.bg/Cms/News/Details/86</link><title>Нов безплатен курс по "Основи на програмирането" започва от 28 март</title><description>&lt;p style="text-align:justify;"&gt;Вече е &lt;strong&gt;активно &lt;/strong&gt;&lt;a href="https://softuni.bg/apply" target="_blank"&gt;&lt;/a&gt;&lt;a href="https://softuni.bg/apply" target="_blank"&gt;&lt;strong&gt;кандидатстването&lt;/strong&gt;&lt;/a&gt; за нов безплатен подготвителен курс по "Основи на програмирането" в СофтУни (ниво #0). Всички желаещи могат да кандидатстват до &lt;strong&gt;24 март 23:59 ч&lt;/strong&gt;., и ще започнат обучението си с програмния език C# от &lt;strong&gt;28 март&lt;/strong&gt;. Кандидатите могат да изберат дали да се обучават в присъствена или онлайн форма.&lt;/p&gt;&lt;p style="text-align:justify;"&gt;Подготвителният курс ще се провежда два пъти седмично - всяка събота и всеки вторник следобед.&amp;nbsp;По време на подготвителното си обучение, кандидат-студентите ще се научат на фундаментите в програмирането, като включените теми са Математика за програмисти, Въведение в програмирането, Примитивни типове данни и променливи, Оператори и изрази, Вход и изход от конзолата, Условни конструкции, Цикли, C# за напреднали.&lt;/p&gt;&lt;p style="text-align:justify;"&gt;Курсът ще приключи на 18 април, а &lt;strong&gt;приемният изпит&lt;/strong&gt; ще се състои на&lt;strong&gt; 25 април&lt;/strong&gt;. Всички, които успешно вземат изпита, могат да станат наши студенти и да започнат&lt;strong&gt; ниво #1 от 4 май 2015 г&lt;/strong&gt;.&lt;/p&gt;&lt;div&gt;&lt;p&gt;&lt;img alt="SoftUni Students At Lab Inspiration" src="/Files/UserFiles/ImageGallery/softuni-students-web-fun.jpg" style="display:block;margin-left:auto;margin-right:auto;" width="600px;" /&gt;&lt;/p&gt;&lt;p style="text-align:justify;"&gt;Материалите от всички проведени до сега подготвителни курсове са достъпни и можете да ги намерите &lt;a href="https://softuni.bg/courses/programming-basics/" target="_blank"&gt;тук&lt;/a&gt;.&lt;/p&gt;&lt;p style="text-align:justify;"&gt;&lt;strong&gt;А вие кандидатствахте ли вече? &lt;/strong&gt;Можете да го направите от&lt;strong&gt; &lt;a href="https://softuni.bg/apply" target="_blank"&gt;тук&lt;/a&gt;. Успех на всички!&lt;/strong&gt;&lt;/p&gt;&lt;/div&gt;</description><a10:updated>2015-02-13T12:26:09+02:00</a10:updated></item><item><guid isPermaLink="false">85</guid><link>https://softuni.bg/Cms/News/Details/85</link><title>СофтУни спечели награда на БАИТ за образование</title><description>&lt;p style="text-align:justify;"&gt;За четвърта поредна година Българската асоциация по Информационни технологии (&lt;a href="http://www.bait.bg/" target="_blank"&gt;БАИТ&lt;/a&gt;)&amp;nbsp;връчи 12 награди в различни категории за принос в развитието на информационните и комуникационните технологии. Официалното награждаване на спечелилите (избрани специално от жури) се проведе на 5 февруари 2015 г. в Гранд Хотел София. &lt;/p&gt;&lt;p style="text-align:justify;"&gt;За основателите на СофтУни - &lt;strong&gt;Светлин Наков&lt;/strong&gt; и &lt;strong&gt;Христо Тенчев&lt;/strong&gt;, както и за целия екип, е огромна чест, че &lt;strong&gt;Софтуерният университет спечели наградата за образоване на БАИТ&lt;/strong&gt;. СофтУни беше избран в категория "Образователна награда" сред общо &lt;a href="http://www.bait-awards.bg/Participants/2/" target="_blank"&gt;13 участници&lt;/a&gt;. Конкурсът се проведе под патронажа на Президента на Република България&lt;strong&gt; Росен Плевнелиев&lt;/strong&gt;. Той покани СофтУни да се премести в &lt;a href="http://sofiatech.bg/" target="_blank"&gt;Sofia Tech Park&lt;/a&gt;, щом бъде завършен.&amp;nbsp;Много ще се радваме да изградим заедно иновативна екосистема, където се срещат образование, иновации, предприемачество и индустрия. Всичко това ни води една стъпка по-близо до постигането на една от основните ни цели - &lt;strong&gt;България да бъде Силициевата долина на Европа&lt;/strong&gt;.&lt;/p&gt;&lt;div class="row bottom-buffer"&gt;&lt;div class="col-md-6 col-xs-12"&gt;&lt;img alt="Hristo Tenchev and Svetlin Nakov" src="/Files/UserFiles/ImageGallery/Hristo-Tenchev-Svetlin-Nakov-SoftUni.jpg" style="float:left;" width="375px;" /&gt;&lt;/div&gt;&lt;div class="col-md-6 col-xs-12"&gt;&lt;img alt="Rosen Plevneliev and Svetlin Nakov" src="/Files/UserFiles/ImageGallery/Rosen-Plevneliev-Svetlin-Nakov.jpg" style="float:right;" width="375px;" /&gt;&lt;/div&gt;&lt;/div&gt;&lt;p&gt;Церемонията се проведе в рамките на европейския проект &lt;a href="http://ec.europa.eu/enterprise/dem/?language=en" target="_blank"&gt;Watify&lt;/a&gt;, чийто изпълнител за България е БАИТ. Това е проект за насърчаване на дигиталното предприемачество и създаването на е-менторинг екосистема.&lt;/p&gt;&lt;p style="text-align:justify;"&gt;Това е втора награда, която се присъжда на СофтУни и Светлин Наков тази година. Преди една седмица Наков беше избран за "Млад мениджър" от &lt;a href="http://www.evrika.org/" target="_blank"&gt;Фондация Еврика&lt;/a&gt;.&lt;/p&gt;&lt;div class="row bottom-buffer"&gt;&lt;div class="col-md-6 col-xs-12"&gt;&lt;img alt="Hristo Tenchev and Svetlin Nakov" src="/Files/UserFiles/ImageGallery/Tenchev-Nakov-BAIT-Award.jpg" style="float:left;" width="375px;" /&gt;&lt;/div&gt;&lt;div class="col-md-6 col-xs-12"&gt;&lt;img alt="Rosen Plevneliev and Svetlin Nakov" src="/Files/UserFiles/ImageGallery/SoftUni-BAIT-award.jpg" style="float:right;" width="375px;" /&gt;&lt;/div&gt;&lt;/div&gt;</description><a10:updated>2015-02-06T15:17:57+02:00</a10:updated></item><item><guid isPermaLink="false">84</guid><link>https://softuni.bg/Cms/News/Details/84</link><title>Стартира нов курс по "Основи на програмирането" в СофтУни</title><description>&lt;p style="text-align:justify;"&gt;СофтУни отвори кандидатстването за следващия подготвителен курс "Основи на програмирането" (ниво #0), за своите бъдещи курсисти. Всички желаещи могат да попълнят &lt;a href="https://softuni.bg/apply" target="_blank"&gt;&lt;strong&gt;формата за кандидатстване&lt;/strong&gt;&lt;/a&gt; до &lt;strong&gt;11 февруари, 23:59 ч.&amp;nbsp;&lt;/strong&gt;като изберат дали ще се запишат за курса в присъствена или онлайн форма на обучение.&amp;nbsp;&lt;/p&gt;&lt;p style="text-align:justify;"&gt;&lt;span style="text-align:justify;"&gt;Всички одобрени кандидати ще започнат обучението си по курса на&amp;nbsp;&lt;/span&gt;&lt;strong style="text-align:justify;"&gt;14 февруари&lt;/strong&gt;&lt;span style="text-align:justify;"&gt;.&amp;nbsp;&lt;/span&gt;&lt;span style="text-align:justify;"&gt;По време на подготвителното си обучение, кандидат-студентите ще се научат на фундаментите в програмирането, като включените теми са Математика за програмисти, Въведение в програмирането, Примитивни типове данни и променливи, Оператори и изрази, Вход и изход от конзолата, Условни конструкции, Цикли, C# за напреднали.&lt;/span&gt;&lt;/p&gt;&lt;p style="text-align:justify;"&gt;Кандидат-студентите ще се гмурнат в света на програмирането с програмния език C#, а лекциите ще се провеждат всяка събота в продължение на 8 седмици - краят на курса е на 11 април. След това, на &lt;strong&gt;18 април&lt;/strong&gt; ще се проведе&amp;nbsp;и нашият&amp;nbsp;&lt;strong&gt;приемен изпит&lt;/strong&gt;. Всички, които преминат през него успешно, ще станат наши студенти и ще започнат обучението си в университета на&amp;nbsp;&lt;strong&gt;4 май 2015 г.&lt;/strong&gt;&lt;/p&gt;&lt;div style="text-align:justify;"&gt;&lt;p&gt;&lt;span style="font-size:xx-small;"&gt;&lt;/span&gt;&lt;img alt="" src="/Files/UserFiles/ImageGallery/vvv.jpg" style="display:block;margin-left:auto;margin-right:auto;" /&gt;&lt;br /&gt;&lt;/p&gt;&lt;/div&gt;&lt;div style="text-align:justify;"&gt;&lt;p&gt;Имате свободен достъп до всички материали от досега проведените подготвителни нива от&amp;nbsp;&lt;a href="Може да гледате материалите от предишните C# курсове, които бяха подготвителни за изминалите три випуска – Май 2014, Септември 2014 и Януари 2015 от тук. Ще бъдат организирани и няколко подготовки за приемния изпит, който ще се проведе през месец март. Точните дати ще бъдат обявени по-късно." target="_blank"&gt;&lt;/a&gt;&lt;a href="https://softuni.bg/courses/programming-basics/" target="_blank"&gt;тук&lt;/a&gt;.&lt;/p&gt;&lt;p&gt;&lt;strong&gt;Екипът на Софтуерен университет ви пожелава успех!&lt;/strong&gt;&lt;br /&gt;&lt;/p&gt;&lt;/div&gt;&lt;div style="text-align:justify;"&gt;&lt;/div&gt;</description><a10:updated>2015-01-14T16:18:00+02:00</a10:updated></item><item><guid isPermaLink="false">83</guid><link>https://softuni.bg/Cms/News/Details/83</link><title>ProLeiT – път на СофтУни към Европа</title><description>&lt;div style="text-align:center;"&gt;&lt;/div&gt;&lt;p style="text-align:center;"&gt;&lt;img alt="" src="/Files/UserFiles/ImageGallery/proleit-banner-softuni.png" style="display:block;margin-left:auto;margin-right:auto;" /&gt;&lt;/p&gt;&lt;p style="text-align:justify;"&gt;На 9 януари в СофтУни се проведе първото представяне на чуждестранен партньор на Софтуерния университет &amp;ndash; немската компания &lt;a href="http://www.proleit.com/" target="_blank"&gt;ProLeiT&lt;/a&gt;&amp;nbsp;(в дъното на страницата можете да гледате видеото от събитието). Wolfgang Ebster &amp;ndash; изпълнителен директор, и Josef Buchsteiner &amp;ndash; технически директор на компанията, изнесоха подробна презентация пред студентите. Освен че изясниха естеството на работа на компанията &amp;ndash; разработка на системи за автоматизация и управление на производствени процеси, двамата германци обявиха и стажантските места, които ProLeiT предлага. Няколко от най-добрите студенти със завършено трето ниво в Софтуерния университет ще имат възможността за шестмесечен стаж. Избраните ще получават заплата, а отделно ще бъдат покрити и разходите им за транспорт и квартира.&lt;/p&gt;&lt;div style="text-align:center;"&gt;&lt;img alt="" src="/Files/UserFiles/ImageGallery/Svetlin-Nakov-Wolfgang%20Ebster-600x400.jpg" style="float:right;padding-left:10px;" width="300px" /&gt;&lt;/div&gt;&lt;div style="text-align:center;"&gt;&lt;p style="text-align:justify;"&gt;Като държава с една от най-добре развитите икономики в света и изявена насоченост към IT сектора, Германия е перфектното място за стартиране кариерата на един млад софтуерен специалист. А град Нюрнберг &amp;ndash; център на метрополитен регион със стотици хиляди компании и десетки университети, определено е добро място за целта. На по-малко от половин час от Нюрнберг се намира град Херцогенаурах, където е разположено и настоящето седалище на ProLeiT.&lt;/p&gt;&lt;/div&gt;&lt;div style="text-align:center;"&gt;&lt;p style="text-align:justify;"&gt;След кратко представяне на нюрнберските забележителности, фестивали и национални паркове, Wolfgang Ebster се насочи и към &amp;bdquo;малкия град със световните играчи&amp;ldquo; &amp;ndash; Херцогенаурах. С въведение за местните компании гиганти: Schaeffler Gruppe, adidas и PUMA, германецът постепенно премина и към същността на визитата си &amp;ndash; ProLeiT.&lt;/p&gt;&lt;/div&gt;&lt;div style="text-align:center;"&gt;&lt;p style="text-align:justify;"&gt;Компанията е основана през октомври 1986 г. от самия Wolfgang Ebster и неговия партньор Manfred Czepl. ProLeiT се занимава с автоматизацията на производствения процес основно в хранително-вкусовия, фармацевтичния и козметичния сектор. Работата на компанията започва от внасянето на суровия материал за обработка и завършва едва когато продуктът е готов за продажба. Едно от най-големите ProLeiT постижения е фактът, че на компанията e възложена приблизително една пета от световното производство на бира. Само се замислете, всяка пета бира, която изпивате, вероятно е преминала през софтуер на немската фирма. Към момента компанията разполага с четири офиса на територията на Германия, с офиси в Австрия, Холандия, Испания, Русия, Украйна, Китай, Бразилия, САЩ и Мексико, а услугите й се използват в повече от сто държави в света.&lt;/p&gt;&lt;div&gt;&lt;img alt="" src="/Files/UserFiles/ImageGallery/Wolfgang-Ebster-ProLeit-600x400.jpg" style="padding-right:10px;float:left;" width="300px" /&gt;&lt;/div&gt;&lt;p style="text-align:justify;"&gt;Wolfgang Ebster представи софтуерното развитие на компанията през годините. Разясни възможността, която ProLeiT предоставя на &amp;nbsp;потребителите си да наблюдават и контролират всеки един етап от производствения процес. Немецът запозна студентите с Plant i.T. (генералното название на софтуерната им платформа за автоматизация и контрол на продуктовото производство) и с нейната обновена версия 9. Специално внимание беше обърнато и на brewmaxx &amp;ndash; платформа, конкретно пригодена за производителите на бира.&lt;/p&gt;&lt;p style="text-align:justify;"&gt;&lt;/p&gt;&lt;p style="text-align:justify;"&gt;&lt;span style="text-align:justify;"&gt;След това пред студентите на СофтУни излезе Josef Buchsteiner. С първите си изречения германецът представи сградата и офиса на софтуерния отдел за развитие и проучвания на ProLeiT, след което се насочи към неговата организация.&amp;nbsp;&lt;/span&gt;&lt;span style="text-align:justify;"&gt;Обясни и кои са основните езици, на които се пише софтуера на компанията. Сред тях са и изучаваните в СофтУни C#, JavaScript, HTML и CSS. Josef разкри и нововъведенията, които се очакват за периода 2015-2016 г.&amp;nbsp;&lt;/span&gt;&lt;br /&gt;&lt;/p&gt;&lt;/div&gt;&lt;div style="text-align:center;"&gt;&lt;p style="text-align:justify;"&gt;Когато презентацията приключи, студентите имаха възможността да зададат своите въпроси. От отговорите научиха, че проектите, които кандидат-стажантите биха получили, ще бъдат индивидуални и съобразени с ориентацията на бъдещите софтуерни специалисти. А освен отличното познаване на езиците за програмиране, би им помогнало и владеенето на немски език. Представителите на ProLeiT раздадоха визитките си на студентите и им обещаха обратна информация при всяко бъдеще запитване. Преди да си тръгнат, германците раздадоха и подаръци за присъстващите.&lt;/p&gt;&lt;div&gt;&lt;img alt="" src="/Files/UserFiles/ImageGallery/ProLeiT-SoftUni-Presentation-600x400.jpg" style="display:block;margin-left:auto;margin-right:auto;" width="500px" /&gt;&lt;/div&gt;&lt;/div&gt;&lt;div style="text-align:justify;"&gt;Основателите на СофтУни &amp;ndash; Светлин Наков и Христо Тенчев, изказаха своите благодарности към немските си партньори за полезното съдействие и за личното посещение. Също така обещаха на студентите скорошно усъвършенстване на процеса по кандидатстване за стажове към българските и други чуждестранни университетски партньори.&lt;br /&gt;&lt;br /&gt;Можете да видите видеото от събитието тук:&lt;/div&gt;&lt;div style="text-align:center;"&gt;&lt;br /&gt;&lt;/div&gt;&lt;iframe allowfullscreen="" frameborder="0" height="450px" height:"100%"="" src="//www.youtube.com/embed/n6ItsCkaV1A" style="text-align:center;margin-left:auto;margin-right:auto;" width="750px"&gt;&lt;/iframe&gt;</description><a10:updated>2015-01-14T13:41:29+02:00</a10:updated></item><item><guid isPermaLink="false">82</guid><link>https://softuni.bg/Cms/News/Details/82</link><title>Турнир по тенис на маса</title><description>&lt;p style="text-align:justify;"&gt;Всеки, който има желание може да се запише&amp;nbsp;&lt;a href="https://docs.google.com/document/d/1jaztzofVjYfyWfhvOpxbevkqtnLBLUPuuJDxVMp6SvE/edit?usp=sharing" target="_blank"&gt;тук&lt;/a&gt;&amp;nbsp;-&amp;nbsp;&lt;strong&gt;име&amp;nbsp;&lt;/strong&gt;и &lt;strong&gt;имейл&amp;nbsp;&lt;/strong&gt;- така като има развитите по темата ще може да се свържем с вас и да ви изпратим информация за кога и къде.&lt;/p&gt;&lt;p style="text-align:justify;"&gt;Каква е идеята за организацията:&lt;/p&gt;&lt;ul&gt;&lt;li style="text-align:justify;"&gt;&lt;strong&gt;1 етап&lt;/strong&gt; - &lt;strong&gt;преброяване &lt;/strong&gt;- да видим има ли желаещи и колко са;&lt;/li&gt;&lt;li style="text-align:justify;"&gt;&lt;strong&gt;2 етап&lt;/strong&gt; - ангажиране на &lt;strong&gt;зала &lt;/strong&gt;- водили сме предварителен разговор с една зала в Студентски град. За да могат да ни дадат конкретна оферта трябва да знаем колко сме;&lt;/li&gt;&lt;li style="text-align:justify;"&gt;&lt;strong&gt;3 етап&lt;/strong&gt; - уточняване на &lt;strong&gt;дата &lt;/strong&gt;- ще гледаме да след последния поправителен изпит на всички нива;&lt;/li&gt;&lt;li style="text-align:justify;"&gt;&lt;strong&gt;4 етап&lt;/strong&gt; - &lt;strong&gt;записване &lt;/strong&gt;и &lt;strong&gt;събиране &lt;/strong&gt;на такса за участие - таксата за участие ще е минимална - колкото да покрием разходите за залата, предполагам, че ще е нещо символично, но зависи от това колко хора ще сме.&lt;/li&gt;&lt;/ul&gt;&lt;p style="text-align:justify;"&gt;Има &lt;strong&gt;осигурени&lt;/strong&gt; хилки, топчета и маси. Може да вземете единствено доброто си настроение и желаението да се забавлявате.&lt;/p&gt;&lt;p style="text-align:justify;"&gt;Организатори: &lt;strong&gt;Студентски съвет&lt;/strong&gt; при СофтУни. С подкрепата на &lt;strong&gt;СофтУни&lt;/strong&gt;.&lt;/p&gt;</description><a10:updated>2015-01-09T18:46:06+02:00</a10:updated></item><item><guid isPermaLink="false">81</guid><link>https://softuni.bg/Cms/News/Details/81</link><title>Компанията ProLeiT в СофтУни</title><description>&lt;p style="text-align:justify;"&gt;Екипът на СофтУни кани всичките си студенти на &lt;strong&gt;9 януари&lt;/strong&gt; (петък) от &lt;strong&gt;14:00&lt;/strong&gt; часа в новата ни зала на &lt;a href="https://www.google.bg/maps/place/ul.+%22Tintyava%22+15,+1113+Sofia/@42.6666564,23.3516973,19z/data=!4m2!3m1!1s0x40aa85ccac727817:0xa8c039c9645d1612" target="_blank"&gt;ул. Тинтява 15-17&lt;/a&gt;, за да се запознаят с представители на немската компания&amp;nbsp;&lt;strong&gt;&lt;a href="http://www.proleit.com/" target="_blank"&gt;ProLeiT&lt;/a&gt;&lt;/strong&gt;. Това е една от първите &lt;strong&gt;немски фирми&lt;/strong&gt;, която ще предложи стаж на студентите на СофтУни. Компанията разработва решения за автоматизация и системи за управление. Компанията е основана през 1986 г., като в момента седалището ѝ е в Херцогенаурах, Германия. ProLeiT ще бъде представена от &lt;strong&gt;Wolfgang Ebster&lt;/strong&gt; (CEO) и&lt;strong&gt; Josef Buchsteiner&lt;/strong&gt; (CTO).&lt;/p&gt;&lt;div&gt;&lt;p&gt;&lt;/p&gt;&lt;div&gt;&lt;img alt="" src="/Files/UserFiles/ImageGallery/proleit-banner-softuni.png" style="display:block;margin-left:auto;margin-right:auto;" /&gt;&lt;/div&gt;&lt;strong style="text-align:justify;"&gt;ProleiT&amp;nbsp;&lt;/strong&gt;ще предложат да &lt;span style="text-align:justify;"&gt;предоставят на студентите от СофтУни &lt;/span&gt;&lt;strong style="text-align:justify;"&gt;възможност за 6-месечен стаж в Германия с покрити разходи за транспорт и квартира, както и допълнително заплащане.&lt;/strong&gt;&lt;p&gt;&lt;/p&gt;&lt;/div&gt;&lt;p style="text-align:justify;"&gt;Елате, за да научите повече за компанията, както и точните детайли за стажа и възможностите, които предлагат от ProLeiT. Събитието е &lt;strong&gt;отворено&lt;/strong&gt; за всички студенти на СофтУни.&lt;/p&gt;&lt;p&gt;&lt;/p&gt;&lt;div&gt;&lt;img alt="" src="/Files/UserFiles/ImageGallery/ProLeiT-Messen.jpg" style="display:block;margin-left:auto;margin-right:auto;" width="646px;" /&gt;&lt;/div&gt;&lt;p&gt;&lt;/p&gt;</description><a10:updated>2015-01-07T19:00:21+02:00</a10:updated></item><item><guid isPermaLink="false">80</guid><link>https://softuni.bg/Cms/News/Details/80</link><title>Поправителен/повишителен изпит по Java Basics September 2014</title><description>&lt;p style="text-align:justify;"&gt;В момента се провежда &lt;strong&gt;поправителен/повишителен&lt;/strong&gt; изпит по курса &lt;strong&gt;Java Basics&lt;/strong&gt; от Ниво #1. Това беше първият курс от нивото. Студентите от втория випуск на СофтУни са на няколко крачки от записването си в следващото ниво.&lt;/p&gt;&lt;p style="text-align:justify;"&gt;Изпитът по Java Basics започна в &lt;strong&gt;16:00 &lt;/strong&gt;часа и е с продължителност&lt;strong&gt; 5 часа&lt;/strong&gt;. Някои от студентите се явяват на него, за да повишат оценката си и да проверят дали са научили по-добре материала. &lt;/p&gt;&lt;p style="text-align:justify;"&gt;&lt;strong&gt;Пожелаваме успех на всички!&lt;/strong&gt;&lt;/p&gt;&lt;div&gt;&lt;img alt="" src="/Files/UserFiles/ImageGallery/java-popravka-yanuari-2015.jpg" style="float:left;" width="350px" /&gt;&lt;p&gt;&lt;img alt="" src="/Files/UserFiles/ImageGallery/java-popravka-yanuari-2015-2.jpg" style="float:right;" width="350px/" /&gt;&lt;/p&gt;&lt;/div&gt;</description><a10:updated>2015-01-07T18:44:13+02:00</a10:updated></item><item><guid isPermaLink="false">78</guid><link>https://softuni.bg/Cms/News/Details/78</link><title>Предколедна винена дегустация в СофтУни</title><description>&lt;p&gt;&lt;img alt="" src="/Files/UserFiles/ImageGallery/komfo-wine-tasting.jpg" style="display:block;margin-left:auto;margin-right:auto;" /&gt;&lt;/p&gt;&lt;p style="text-align:justify;"&gt;Броени часове ни делят от коледните празници. И докато отличното образование е първата стъпка към успешния живот, то доброто настроение е това, което зарежда човека с енергия, за да продължава все напред. Вечерта на 16 декември (вторник) &lt;strong&gt;СофтУни&lt;/strong&gt; успя да съчетае и двете. Винената дегустация в комбинация с викторина от програмистки въпроси се превърна в един подранил празник за студентите на университета.&lt;/p&gt;&lt;div class="k-paste-container" style="text-align:justify;"&gt;СофтУни беше преобразен в изискан винен салон. Въпреки че обстановката си остана присъщата за Софтуерния университет &amp;ndash; компютри, кабели и мишки &amp;ndash; веселото настроение, отлежалите вина и специалният гост придадоха изящност на атмосферата. Студентите имаха прекрасната възможност да отпият от ароматните вина на старопланинската изба Марян. А Йордан Кирилчев &amp;ndash; сомелиер номер едно на България за 2014 г., се погрижи за експертното провеждане на дегустацията. За перфектното реализиране на събитието спомогна и Петър Иванов &amp;ndash; представител на винарската изба.&amp;nbsp;&lt;/div&gt;&lt;br /&gt;&lt;div&gt;&lt;div style="text-align:justify;"&gt;&lt;img alt="" src="/Files/UserFiles/ImageGallery/komfo-wine-and-cheese-tasting-at-softuni.jpg" style="float:right;padding-left:5px;" width="300px;" /&gt;Докато се наслаждаваха на уникалните по своите вкусови качества вина, сомелиер Кирилчев разкри пред присъстващите тайните за производство на доброто вино и всички тънкости за неговата професионална дегустация. Даде и предложения за ястия, подхождащи на всеки един от представените видове гроздова напитка. Дегустацията започна с българския сорт бяло вино &amp;ndash; Димят. Като едни от най-старите видове, които се винифицират в България, то беше и отговор на първия от въпросите, с които хора от публиката си спечелиха по бутилка качествено вино.&amp;nbsp;&lt;/div&gt;&lt;div&gt;&lt;br /&gt;&lt;div style="text-align:justify;"&gt;По време на събитието беше сервирана палитра от 5 изящни сорта вина &amp;ndash; бели, червени и розе. В комбинация с тях присъстващите опитаха и специална селекция от разнообразни сирена и други изтънчени деликатеси. За величието на гроздовите напитки свидетелстваха и техните имена. Названията, вдъхновени от легенда за могъщия български цар Иван Александър и ослепително красивата му дъщеря Кера Тамара, допринесоха за царствения привкус.&amp;nbsp;&lt;/div&gt;&lt;div&gt;&lt;br /&gt;&lt;div style="text-align:justify;"&gt;&lt;img alt="" src="/Files/UserFiles/ImageGallery/komfo-wine-tasting-at-softuni.jpg" style="float:left;padding-right:5px;" width="300px;" /&gt;Организатори на малкия винен празник бяха талантливите специалисти от екипа на &lt;strong&gt;&lt;a href="http://komfo.com/" target="_blank"&gt;Комфо&lt;/a&gt;&lt;/strong&gt; &amp;ndash; генерален партньор на СофУни. Техен представител запозна студентите със свободните работни позиции, които предлагат. След дегустацията проведе и викторина с въпроси върху JavaScript, Linux и др. Правилно отговорилите бяха зарадвани с брандирани тениски от компанията. Така и приключи виненото събитие. Развеселените студенти и преподаватели от Софтуерния университет си тръгнаха заредени с празничен дух и, със сигурност, в нетърпеливо очакване на предстоящата Коледа.&lt;/div&gt;&lt;div&gt;&lt;br /&gt;&lt;/div&gt;&lt;/div&gt;&lt;/div&gt;&lt;/div&gt;</description><a10:updated>2014-12-23T14:29:06+02:00</a10:updated></item></channel></rss>